{"cameraMode":{"drawMode":0,"name":"Shaded","section":"Shading Mode"},"sceneLighting":true,"audioPlay":false,"sceneViewState":{"showFog":true,"showMaterialUpdate":false,"showSkybox":true,"showFlares":true,"showImageEffects":true,"showParticleSystems":true},"in2DMode":false,"pivot":{"x":347.3873291015625,"y":640.1098022460938,"z":180.68064880371095},"rotation":{"x":-0.09602541476488114,"y":0.05282651633024216,"z":-0.005103400442749262,"w":-0.9939639568328857},"size":1569.65234375,"orthographic":true}