{"cameraMode":{"drawMode":0,"name":"Shaded","section":"Shading Mode"},"sceneLighting":true,"audioPlay":false,"sceneViewState":{"showFog":true,"showMaterialUpdate":false,"showSkybox":true,"showFlares":true,"showImageEffects":true,"showParticleSystems":true},"in2DMode":false,"pivot":{"x":932.217041015625,"y":169.12872314453126,"z":0.0},"rotation":{"x":-0.007809499278664589,"y":0.0065970830619335178,"z":-0.000051470124162733555,"w":-0.9999476671218872},"size":1602.5322265625,"orthographic":false}